title,author,date,category,summary
Global Tech Summit Highlights Future of AI in Healthcare,Jane Smith,2024-06-01,Technology,World leaders in technology gathered to discuss AI's transformative role in healthcare diagnostics and treatment planning.
Markets Surge as Inflation Data Beats Expectations,Robert Chen,2024-06-02,Finance,Stock indices rose sharply after the latest CPI report showed inflation cooling faster than anticipated.
Breakthrough in Quantum Computing Announced,Priya Patel,2024-06-03,Science,"Researchers achieved a new milestone in quantum error correction, paving the way for practical quantum computers."
Climate Conference Sets New Emission Reduction Targets,Laura Martínez,2024-06-04,Environment,Nations committed to more aggressive carbon-reduction goals following urgent warnings from climate scientists.
Space Agency Reveals Plans for Moon Base by 2030,Neil Harper,2024-06-05,Space,A collaborative space agency program unveiled detailed blueprints for a permanent lunar research station.
Electric Vehicle Sales Cross 20 Million Units Globally,Aiko Tanaka,2024-06-06,Automotive,"EV adoption hit a historic landmark this quarter, driven by lower battery costs and expanded charging networks."
New Study Links Mediterranean Diet to Longevity,Dr. Sarah Mills,2024-06-07,Health,A 10-year study confirmed that adherence to a Mediterranean diet significantly reduces cardiovascular risk.
Streaming Wars: Subscriber Numbers Reshape Entertainment,Tom Okafor,2024-06-08,Media,"Streaming platforms report record subscriber growth, prompting traditional broadcasters to accelerate digital shifts."
Renewable Energy Now Cheaper Than Fossil Fuels in 40 Countries,Fatima Al-Rashid,2024-06-09,Energy,Solar and wind generation costs have fallen below coal and gas in a growing number of markets worldwide.
Cybersecurity Alert: Major Vulnerability Found in IoT Devices,Kevin Zhang,2024-06-10,Technology,Security researchers disclosed a critical flaw affecting millions of internet-connected smart-home devices.
Gene Therapy Trial Shows Promise for Rare Blood Disorders,Dr. Emma Brown,2024-06-11,Medicine,Early trial results indicate that gene-editing therapy could offer a one-time cure for certain hereditary conditions.
Central Banks Discuss Digital Currency Frameworks,Maria Gonzalez,2024-06-12,Finance,G20 central banks held talks on interoperability standards for central bank digital currencies (CBDCs).
AI Tool Helps Archaeologists Decode Ancient Scripts,Lena Fischer,2024-06-13,History,"An AI model successfully translated portions of a 3,000-year-old undeciphered language found on clay tablets."
"Ocean Cleanup Project Removes 100,000 Tons of Plastic",James O'Brien,2024-06-14,Environment,The largest-ever ocean cleanup initiative reached a significant milestone in removing plastic from the Pacific.
Wearable Health Monitors Get FDA Approval for Clinical Use,Dr. Arjun Nair,2024-06-15,Health,Two next-generation wristband health monitors received regulatory clearance to detect early signs of disease.
